Date,Open Price,High Price,Low Price,Close Price,WAP,Total Shares,Total Trades,Change(%)
1-Aug-11,837,837.95,822.8,830.9,829.346523,458238,15663,-6.1
2-Aug-11,829.8,845,818.15,835.1,829.144907,726397,21576,5.3
3-Aug-11,827.95,836,823.5,825.15,828.6340087,449426,13738,-2.8
4-Aug-11,829.4,831.65,810.25,812.5,820.7138365,484293,16203,-16.9
5-Aug-11,799.95,799.95,778.55,791.65,789.4634156,1197655,38350,-8.3
8-Aug-11,775,796.8,767.05,780.6,780.5289637,952642,28495,5.6
9-Aug-11,759.95,778.7,754.1,765.4,765.0605192,1182534,35661,5.45
10-Aug-11,786.45,790,765,771,775.37207,710162,20043,-15.45
11-Aug-11,766.1,784.7,766.1,773.4,776.4738641,507903,15405,7.3
27-Jul-17,1629.95,1631.1,1591,1598.35,1614.65722,250169,7961,-31.6
28-Jul-17,1597,1605,1579,1594.25,1591.922902,228358,8293,-2.75
31-Jul-17,1600.05,1618,1596,1613.85,1609.867411,192588,6395,13.8
1-Aug-17,1623.85,1625,1591.6,1603.55,1605.076383,142243,6365,-20.3
2-Aug-17,1608.6,1636,1605,1629.1,1625.680718,334548,8329,20.5
3-Aug-17,1629.9,1665,1616.9,1651.55,1648.020785,381187,11494,21.65
4-Aug-17,1660.55,1663.2,1615.55,1622.5,1626.499937,284552,12820,-38.05
7-Aug-17,1629.6,1632,1612.8,1616.6,1621.435716,202763,7256,-13
8-Aug-17,1620,1621,1588.25,1603.4,1604.643725,207090,6116,-16.6
9-Aug-17,1600,1619.9,1585.75,1598.85,1605.260772,193556,6416,-1.15
10-Aug-17,1597.95,1606.85,1577.3,1584.05,1591.165154,339199,6331,-13.9
11-Aug-17,1554.9,1578,1535.5,1546.55,1556.808395,251961,9085,-8.35
14-Aug-17,1556.5,1585,1556.5,1573.15,1572.439353,291672,10239,16.65
16-Aug-17,1571,1578,1550.55,1566.95,1561.450133,239849,10298,-4.05
17-Aug-17,1571.7,1596.85,1560.1,1566.05,1580.65346,313387,7954,-5.65
18-Aug-17,1566,1579.5,1553.65,1575.4,1568.463691,142815,5197,9.4
21-Aug-17,1577.05,1585.1,1563,1565.8,1573.924633,436281,13239,-11.25
22-Aug-17,1574,1579.5,1558,1563.35,1571.21915,159019,4482,-10.65
23-Aug-17,1567,1585,1554,1581.3,1567.352532,191458,5895,14.3
24-Aug-17,1591.7,1592.2,1564.6,1567.4,1575.516926,168554,5170,-24.3
28-Aug-17,1579,1582.25,1561.7,1565.8,1568.057315,133246,4929,-13.2
29-Aug-17,1560,1566.8,1530,1531.75,1542.742949,203547,9964,-28.25
30-Aug-17,1545,1568.6,1543.6,1564.15,1556.5817,188965,5859,19.15
31-Aug-17,1570.3,1597.5,1570.3,1593.5,1585.70094,314208,9754,23.2
1-Sep-17,1601.8,1615.95,1598.2,1609.35,1608.625736,202910,5453,7.55
4-Sep-17,1615,1635.75,1596.2,1611.35,1613.510985,1027025,7786,-3.65
5-Sep-17,1619,1634.9,1619,1633,1629.58286,1047047,6221,14
6-Sep-17,1631.4,1652.4,1625,1644.6,1644.009781,949193,13264,13.2
7-Sep-17,824,832.7,816.5,818.9,822.9544913,639020,11667,-5.1
8-Sep-17,820.1,823.6,812.8,817.15,817.433113,293009,5698,-2.95
11-Sep-17,820.4,827,816.05,818.1,823.7050423,982073,3754,-2.3
12-Sep-17,822.1,824.6,817.45,823.3,821.4345681,140436,3724,1.2
13-Sep-17,824,859.25,822.5,849.1,847.6676509,751535,16761,25.1
14-Sep-17,857,861.4,842,844.2,849.1343116,466073,7924,-12.8
15-Sep-17,842.1,852.15,835.4,843.4,842.2777821,414656,6578,1.3
18-Sep-17,847,851.3,843.1,845.4,847.0527626,272693,4115,-1.6
19-Sep-17,849,849,837.55,840,840.5142155,199852,3467,-9
20-Sep-17,856.25,872.1,845,847.1,854.9729188,745756,12796,-9.15
21-Sep-17,848,851.4,837,841.3,841.948846,415569,5741,-6.7
22-Sep-17,840.7,840.7,814,817.5,825.1978007,447324,9621,-23.2
25-Sep-17,817.9,827.7,805.3,820.45,819.0158179,713622,9159,2.55
26-Sep-17,820.5,827,812.5,819.2,818.2639527,459787,11139,-1.3
27-Sep-17,827.5,827.5,795.5,798.6,806.1426765,590896,13091,-28.9
28-Sep-17,800,802.5,781.15,786.75,793.1419531,915584,12488,-13.25
29-Sep-17,791,793.5,780,782.15,785.3052339,643300,8766,-8.85
3-Oct-17,792.35,803.7,786.25,798.35,798.3802257,606837,9055,6
4-Oct-17,798.35,824.95,795.5,819.2,811.6811734,410935,7632,20.85
5-Oct-17,825,828.25,818.75,824.2,822.8070609,354967,5529,-0.8
6-Oct-17,824.9,838.9,822.65,836.85,832.5778099,279656,5227,11.95
9-Oct-17,836.85,838,828.25,830.75,832.4467606,252670,4972,-6.1
10-Oct-17,831,846.9,830.75,843.4,842.435583,316112,5386,12.4
11-Oct-17,845,857.9,836.3,840.4,850.0971188,426076,9701,-4.6
12-Oct-17,841,876.2,841,872.5,861.3056144,632480,11893,31.5
13-Oct-17,880,891,874.25,876.7,880.8222368,625450,13222,-3.3
16-Oct-17,879.9,891.7,861.75,875.2,876.6475795,630948,13598,-4.7
17-Oct-17,878.9,883.95,867.3,874.25,874.7779731,332838,6014,-4.65
18-Oct-17,875.55,917,875.15,913.75,903.2513452,1010077,19092,38.2
19-Oct-17,916.7,921.75,903.25,910.35,914.7286144,278563,7057,-6.35
23-Oct-17,911.15,943.45,909.9,938.1,929.8291804,540383,12067,26.95
24-Oct-17,947.1,947.1,928.3,934.75,936.7926276,320250,6760,-12.35
25-Oct-17,940,945.75,930,939.95,938.5983724,448754,5375,-0.05
26-Oct-17,938.35,958.2,931.5,947.25,942.218476,694575,7474,8.9
27-Oct-17,950.1,956.5,926.4,929.45,946.4473129,4100930,13200,-20.65
30-Oct-17,931,945,931,940.15,937.9539593,435289,5971,9.15
31-Oct-17,943,945,932.1,940.8,936.6190478,476464,4586,-2.2
1-Nov-17,946,957.4,945.9,952.3,951.9311041,455586,9980,6.3
2-Nov-17,954,956.9,944.2,947.1,947.6387192,513714,4948,-6.9
3-Nov-17,953.3,953.3,940.5,945.6,944.2378278,725344,4272,-7.7
6-Nov-17,944,945,929,934.45,935.3622502,405565,6925,-9.55
7-Nov-17,934.45,935,903.15,906.65,911.7480624,426181,13790,-27.8
8-Nov-17,907,908.9,885.1,888.25,893.3735228,368861,12781,-18.75
9-Nov-17,895.1,909.1,892,901.55,902.2127916,320008,6998,6.45
10-Nov-17,900,901,880.35,883.5,887.2009341,302328,8216,-16.5
13-Nov-17,883.5,891.35,873,875.15,879.6941221,282688,10021,-8.35
14-Nov-17,875,894.5,873,886.2,885.1091394,289538,7252,11.2
15-Nov-17,886,889.85,878,882.4,884.9813902,1129619,6236,-3.6
16-Nov-17,882.5,905,882.5,902.45,900.541669,642828,7336,19.95
17-Nov-17,917.6,924.75,907.1,909.7,913.9673449,443239,6110,-7.9
20-Nov-17,910,924,905.25,918.85,913.7204415,429005,5373,8.85
21-Nov-17,925,939.7,924,932.4,933.9375914,477835,9751,7.4
22-Nov-17,937.05,938.7,924.55,930.25,930.1009161,417327,5109,-6.8
23-Nov-17,925.65,948,925.65,945.15,939.4017946,553671,5919,19.5
24-Nov-17,948,959,946.65,949.5,951.0387429,508893,6902,1.5
27-Nov-17,948,955.75,943.5,950.7,948.1666635,316710,4629,2.7
28-Nov-17,949.45,950.95,938.25,942.95,943.5203566,227961,3555,-6.5
29-Nov-17,942.95,949.8,938,945.45,946.658781,506994,3992,2.5
30-Nov-17,940,952,920,922.6,929.2334175,299035,5411,-17.4
1-Dec-17,925,931.1,908,909.85,917.6892553,312694,6263,-15.15
4-Dec-17,915.75,917.9,898,901.5,902.0196059,452210,5258,-14.25
5-Dec-17,900.35,918.9,895.9,911.5,911.5182243,517058,7224,11.15
6-Dec-17,913.8,930.5,909.2,927.5,923.3249191,1026271,6618,13.7
7-Dec-17,927.1,933.95,922.8,930.65,927.8231108,473398,4849,3.55
8-Dec-17,937,937,919.65,920.95,924.6461326,365165,4529,-16.05
11-Dec-17,920.8,925.45,913.5,915.9,917.0954572,428087,5909,-4.9
12-Dec-17,913.5,928.95,907.9,915.05,919.5900588,535672,6348,1.55
13-Dec-17,919.75,924.3,912,914,918.6238286,556810,5677,-5.75
14-Dec-17,920,925,909,920.55,915.1228509,1041124,5012,0.55
15-Dec-17,929.2,933,917.5,919.9,926.1958835,414425,5717,-9.3
18-Dec-17,917,931.25,861.7,919.4,914.8890735,568232,10163,2.4
19-Dec-17,921.5,926.9,920.05,924,921.8706615,529672,3650,2.5
20-Dec-17,925,927,917,918.75,920.5102311,575306,4105,-6.25
21-Dec-17,920,923.2,911.1,913.05,917.2205409,312577,3500,-6.95
22-Dec-17,916,922,910.2,918.5,917.0572887,295905,4138,2.5
26-Dec-17,923,936.6,918.6,928,924.0982913,404624,4883,5
27-Dec-17,930.15,936.75,918.35,922.3,929.8727901,390127,4433,-7.85
28-Dec-17,923.2,934.2,918.65,924.4,924.9075651,557798,6860,1.2
29-Dec-17,925.9,932.25,918.1,921.05,924.3084474,913689,5527,-4.85
1-Jan-18,922,923,909.7,911.55,916.2715139,242669,4561,-10.45
2-Jan-18,915,919.2,907.25,911.4,915.4605034,1763025,4599,-3.6
3-Jan-18,924.45,927.2,913.3,916.35,920.1406249,515755,6497,-8.1
4-Jan-18,919,921.8,916,920.25,918.934284,238922,3185,1.25
5-Jan-18,920.5,925.85,919.45,923,922.6996799,406686,3944,2.5
8-Jan-18,924.1,930.2,923.6,928.45,926.6460287,332558,5671,4.35
9-Jan-18,929.05,943.95,924,940.9,938.2302583,519256,10058,11.85
10-Jan-18,945,946.75,935.4,941.5,941.5209902,352402,5542,-3.5
11-Jan-18,941.75,942.75,935,937.2,939.355317,268912,3289,-4.55
12-Jan-18,942,951.85,938.1,946.75,945.6583654,596333,6957,4.75
15-Jan-18,950.2,957.55,945.2,947.6,951.120201,445379,6628,-2.6
16-Jan-18,949,949,920,923.5,931.1250688,479344,19943,-25.5
17-Jan-18,925,928.65,908,924.65,921.6850436,360307,6212,-0.35
18-Jan-18,930,930,911,919.3,922.3016798,354147,5722,-10.7
19-Jan-18,922,932.35,922,929.35,927.024905,600361,6794,7.35
22-Jan-18,948.5,974.5,940.1,971.2,956.7865343,1773742,22829,22.7
23-Jan-18,975,990,975,981.7,983.9124992,669605,10836,6.7
24-Jan-18,981.9,981.9,960.5,964.55,967.3366347,441731,7404,-17.35
25-Jan-18,970,971.45,957.25,964.55,964.4398222,421966,7960,-5.45
29-Jan-18,966,976.55,960.1,963.8,968.7348053,418040,5161,-2.2
30-Jan-18,964,964.3,945.55,949.25,953.6326425,694016,5373,-14.75
31-Jan-18,950,964.9,942,961.15,958.7986794,457062,5985,11.15
1-Feb-18,964.4,971.25,938.2,944.1,951.9725321,758632,9362,-20.3
2-Feb-18,938.7,943.25,903,905.7,917.4896983,701244,13805,-33
5-Feb-18,895.8,912,882.7,904.45,901.1943724,386485,8805,8.65
6-Feb-18,880,897.95,872.1,892.75,885.50149,1041277,17149,12.75
7-Feb-18,900.55,905.5,890.55,894,898.374157,374725,7365,-6.55
8-Feb-18,896.35,910,892.05,903.6,903.3117579,417327,6958,7.25
9-Feb-18,891.95,902.25,886.5,897.95,895.8892001,402311,5784,6
12-Feb-18,901.1,918,901.1,914.7,910.3160452,354136,5152,13.6
14-Feb-18,921.65,941.5,920.8,932.4,931.2538056,429100,8212,10.75
15-Feb-18,936.05,945,928.3,934.05,937.6137613,312747,5587,-2
16-Feb-18,937.35,942,918.65,921.7,929.6934246,241125,4569,-15.65
19-Feb-18,920.3,930.6,914.4,925.85,921.8183095,239308,5138,5.55
20-Feb-18,928,930,916,919.4,922.8017219,183167,3405,-8.6
21-Feb-18,927,931,922,928.35,926.571146,201220,3938,1.35
22-Feb-18,923.15,930.75,920,923.9,925.2010316,161502,3584,0.75
23-Feb-18,924.2,937,923.75,934,932.125452,204349,4145,9.8
26-Feb-18,936.1,944.75,936.1,938.6,941.3209455,197775,3734,2.5
27-Feb-18,939,955.5,938.6,949.95,949.2128459,342196,6700,10.95
28-Feb-18,944.5,954.9,937,952.45,949.6456511,231622,4695,7.95
1-Mar-18,950.85,958.8,946,947.7,951.0924387,173780,3916,-3.15
5-Mar-18,944.5,949.9,922,924.2,935.0685941,652534,6613,-20.3
6-Mar-18,929.7,936,903.15,910.9,922.4488782,288116,4989,-18.8
7-Mar-18,908.6,909.3,888.3,891.55,898.2944102,337383,8143,-17.05
8-Mar-18,899.7,913.9,894.3,911.6,905.1557694,312892,7503,11.9
9-Mar-18,915,919,910,912.05,914.2856926,178146,3546,-2.95
12-Mar-18,918.9,933,916.2,929.35,924.1588867,288520,5429,10.45
13-Mar-18,929.35,935.35,921.6,930.6,929.4805246,196941,3754,1.25
14-Mar-18,926.55,931.2,919.55,928.6,924.4573352,176000,3231,2.05
15-Mar-18,928.7,928.7,910,912.25,918.8016133,344267,4218,-16.45
16-Mar-18,910,910,886.4,900.5,898.5719695,614239,11220,-9.5
19-Mar-18,903.8,906.1,892.35,895.3,898.1375564,271227,4865,-8.5
20-Mar-18,899.1,903.6,887,889.55,894.0641162,285669,5456,-9.55
21-Mar-18,895.8,901.95,892,896.35,897.2611785,254485,3933,0.55
22-Mar-18,896.5,910.6,895.2,907.3,907.2387854,810933,7468,10.8
23-Mar-18,893.4,899.7,890,892.85,894.5654215,416270,6301,-0.55
26-Mar-18,892.85,904.5,892,901.05,898.382345,567273,9791,8.2
27-Mar-18,905.05,910.05,897.5,899.95,903.4315078,300370,3518,-5.1
28-Mar-18,895.05,896,881,882.8,887.8480679,324237,7597,-12.25
2-Apr-18,890.5,901.2,886.4,892.7,894.741046,469960,11393,2.2
3-Apr-18,890,901,886.1,898.8,892.1190402,172194,3819,8.8
4-Apr-18,905.5,911.15,892.35,895.1,900.8628938,186330,4054,-10.4
5-Apr-18,902.55,910,902.55,906.75,906.2285879,465637,5262,4.2
6-Apr-18,909.9,917.2,905,909.75,911.158298,421073,5884,-0.15
9-Apr-18,912.95,917.75,911.4,916.05,915.3801467,289846,3741,3.1
10-Apr-18,918,922.45,913.35,916.45,917.2374836,518840,5209,-1.55
11-Apr-18,920.1,931,916.65,929.05,927.6904651,442774,7573,8.95
12-Apr-18,930,935.3,923.1,927.55,927.5794736,381070,4237,-2.45
13-Apr-18,931.15,941.4,929.1,938.85,935.7334859,723849,9567,7.7
16-Apr-18,935,939.9,928.3,937.25,933.0447857,147413,2950,2.25
17-Apr-18,938.25,947.5,936.1,943.7,941.8443714,365055,6860,5.45
18-Apr-18,945,948.25,934,937,939.4857874,205557,2922,-8
19-Apr-18,938.2,943.95,935.1,941.25,940.7532258,366035,3423,3.05
20-Apr-18,939,941.6,921.45,928.05,927.1833515,214926,3479,-10.95
23-Apr-18,927.3,942.95,926,935.15,935.3148118,159076,3460,7.85
24-Apr-18,937.7,974.5,935,969.75,959.9688207,511300,11378,32.05
25-Apr-18,972.55,981.45,964.5,970.7,971.4987388,425381,7326,-1.85
26-Apr-18,972,988,963.4,975.35,977.8607829,530962,11869,3.35
27-Apr-18,988.25,1010.7,988.25,994.75,998.94587,1092703,19151,6.5
30-Apr-18,984.7,992,961,963.1,969.7306802,549488,14823,-21.6
2-May-18,968.8,978.2,966.25,973,973.4584051,309846,9705,4.2
3-May-18,977,978.8,959.3,962.6,963.4816831,319978,6539,-14.4
4-May-18,963.95,964.5,949.65,953.9,954.60935,179721,6037,-10.05
7-May-18,958,974,956.5,971.85,964.6446729,350888,11165,13.85
8-May-18,973.55,982,965.15,967.65,973.7397395,337704,6241,-5.9
9-May-18,967.65,982.65,962,975.3,975.1970305,333659,5265,7.65
10-May-18,977.1,984,974.5,980.7,980.3372797,319954,8042,3.6
11-May-18,982.8,990.15,977.25,988.5,984.9382347,343688,7210,5.7
14-May-18,993.9,993.9,976.4,984.85,983.6887828,167118,5265,-9.05
15-May-18,980,999.3,977,979.35,991.2025713,305063,7562,-0.65
16-May-18,976.3,976.3,954.4,956.45,961.5391327,1288716,7546,-19.85
17-May-18,959.9,960.7,942.5,945.15,949.0417592,1414396,6860,-14.75
18-May-18,946,953.55,931.5,933.4,941.1898442,484887,8371,-12.6
21-May-18,932,935.4,922,931.95,927.5317184,233114,5205,-0.05
22-May-18,933,934.2,924.5,926.9,929.621822,220896,5801,-6.1
23-May-18,927,927.1,909.05,912.25,917.5123662,275631,9609,-14.75
24-May-18,916.7,920.95,910.85,916.05,916.5291927,238484,4963,-0.65
25-May-18,918.05,924.25,915.6,921.75,920.5322441,175102,3836,3.7
28-May-18,923.55,927.15,918.95,921,922.2205184,1353411,4338,-2.55
29-May-18,920.05,927.9,914.15,917,919.9909051,227379,4026,-3.05
30-May-18,914,922.8,907.1,917.35,916.6644613,482165,5720,3.35
31-May-18,919.35,924,916.5,921.3,921.2848947,2016619,7010,1.95
1-Jun-18,921.3,934.9,919.1,929.2,928.2975776,2034925,5546,7.9
4-Jun-18,934.8,943.75,932,939.35,939.1628812,1868577,8483,4.55
5-Jun-18,941.25,955,941.2,947.85,949.1476873,289429,6501,6.6
6-Jun-18,948.9,955.4,942.55,953.4,952.2401814,183682,4254,4.5
7-Jun-18,955,975.6,955,971.4,970.5836967,329983,7317,16.4
8-Jun-18,968.9,986.5,960.55,983.4,974.2648167,266305,5951,14.5
11-Jun-18,984.35,999.5,978.2,982.45,993.5117803,832408,7753,-1.9
12-Jun-18,982.2,998,980.45,995.4,990.8923822,243324,5183,13.2
13-Jun-18,999,1004.9,990,1002.1,999.1860768,343686,7975,3.1
14-Jun-18,996.2,1011.7,988.2,1007.5,1002.799912,294056,6461,11.3
15-Jun-18,1007.5,1023.5,999.75,1013.85,1015.999714,412936,13182,6.35
18-Jun-18,1010.8,1018.6,1007.7,1015,1014.042933,292408,5158,4.2
19-Jun-18,1015,1015,993.05,995.65,1002.346722,236423,7261,-19.35
20-Jun-18,996.5,1021.75,996,1019.95,1015.903655,340911,6983,23.45
21-Jun-18,1023,1035.8,1020.4,1032.35,1030.332161,444333,9542,9.35
22-Jun-18,1030,1030,1008.6,1012.3,1011.994751,6655065,8066,-17.7
25-Jun-18,1017,1017,1001.95,1003.55,1008.548411,210904,3934,-13.45
26-Jun-18,1003.6,1005.05,975.5,978.7,986.1450905,368880,9260,-24.9
27-Jun-18,980,985.75,960.5,965.3,972.7183861,354116,8206,-14.7
28-Jun-18,965.05,969,941.35,944.7,953.8060902,284818,6887,-20.35
29-Jun-18,952,977.75,949.7,972.95,966.3193142,325103,8350,20.95
2-Jul-18,973,973.5,957.55,961.05,962.4923549,208435,4397,-11.95
3-Jul-18,964,978.25,961,971.6,972.2040523,224859,4442,7.6
4-Jul-18,974.8,992,972,990.05,983.2111695,337151,6750,15.25
5-Jul-18,998.7,1008.5,960.1,965,986.8664206,1290356,25652,-33.7
6-Jul-18,965.9,982.45,964.8,976.5,976.9777763,336533,7663,10.6
9-Jul-18,985.5,998.7,983.3,995.65,992.3023948,288087,7756,10.15
10-Jul-18,1001.5,1028.5,1001.5,1025.75,1018.882585,610926,15491,24.25
11-Jul-18,1025,1038.7,1017,1036.35,1029.927221,405557,10212,11.35
12-Jul-18,1043.15,1098.8,1043.15,1082.2,1080.071254,1370508,31087,39.05
13-Jul-18,1082.9,1107.25,1080.9,1096.75,1097.389222,874481,18901,13.85
16-Jul-18,1098.05,1108.5,1073,1076.15,1081.98607,446819,10297,-21.9
17-Jul-18,1079,1095,1069.15,1091.7,1085.885691,287860,7215,12.7
18-Jul-18,1097.9,1104.5,1079,1090.55,1091.012233,278593,6239,-7.35
19-Jul-18,1095,1114,1086.8,1103.9,1094.773153,778552,9443,8.9
20-Jul-18,1110.5,1138.25,1110.5,1128.55,1125.243469,446801,12094,18.05
23-Jul-18,1129.7,1130,1114,1120.15,1119.628889,205750,4704,-9.55
24-Jul-18,1122,1126.1,1107.65,1110.55,1115.066007,305391,5790,-11.45
25-Jul-18,1112.25,1122.3,1104.55,1114.05,1116.138708,265010,5802,1.8
26-Jul-18,1113,1121,1107.7,1110.35,1114.832219,154028,4490,-2.65
27-Jul-18,1117.2,1137,1112.8,1129.6,1127.607317,447361,9677,12.4
30-Jul-18,1136,1157.55,1126.6,1149.7,1143.088598,713184,16271,13.7
31-Jul-18,1150,1190,1145,1185.85,1174.096106,1165189,15180,35.85
1-Aug-18,1195,1202.95,1185.95,1191.15,1193.344517,510625,11470,-3.85
2-Aug-18,1192.35,1194.5,1166,1168.35,1173.96217,280942,8169,-24
3-Aug-18,1175,1183.85,1169.5,1176.75,1176.319454,278816,6056,1.75
6-Aug-18,1180,1196,1174.85,1191.5,1187.699623,267933,5794,11.5
7-Aug-18,1196,1200,1178.3,1183.55,1185.552248,210322,4989,-12.45
8-Aug-18,1188.4,1222,1186,1217.25,1205.056108,477703,13587,28.85
9-Aug-18,1220,1231.5,1212,1217.95,1222.695549,528555,9232,-2.05
10-Aug-18,1215,1215.3,1201.95,1204,1207.810167,171098,4431,-11
13-Aug-18,1203,1203,1183.05,1187.15,1191.402456,223453,5606,-15.85
14-Aug-18,1187.2,1216.4,1185.25,1210.95,1203.72643,313057,7748,23.75
16-Aug-18,1206.4,1215.7,1196.25,1200.2,1204.831678,323707,6759,-6.2
17-Aug-18,1206,1215,1200.25,1203.45,1208.405919,190969,4483,-2.55
20-Aug-18,1206.5,1238.05,1206.5,1234.9,1225.519727,561333,11226,28.4
21-Aug-18,1236,1251,1227.15,1246.5,1242.41272,427978,8444,10.5
23-Aug-18,1244,1273.55,1238.6,1269.7,1260.235398,364123,10008,25.7
24-Aug-18,1265,1280,1260.9,1278.05,1272.662424,378371,8861,13.05
27-Aug-18,1280.05,1296.2,1280,1291.6,1290.466958,288953,7343,11.55
28-Aug-18,1298.75,1323,1295.5,1318.2,1310.944019,484736,12158,19.45
29-Aug-18,1319,1328.75,1290.3,1294.45,1309.211052,570571,15437,-24.55
30-Aug-18,1300,1300,1270.45,1274.1,1278.05638,1802595,11065,-25.9
31-Aug-18,1273.8,1273.8,1237.05,1240.95,1251.350399,1284024,14772,-32.85
3-Sep-18,1249,1258,1227.5,1230.4,1244.617673,1220847,12950,-18.6
4-Sep-18,1235,1254.75,1230,1242.35,1241.189098,433632,10816,7.35
5-Sep-18,1245,1252.45,1210,1225.8,1228.889421,1203980,17285,-19.2
6-Sep-18,1230,1263.8,1226,1260.15,1245.310057,558949,12177,30.15
7-Sep-18,1267.7,1279.9,1254.85,1276.75,1271.423464,430464,10897,9.05
10-Sep-18,1275,1276.75,1251.55,1257.15,1263.687195,343489,9264,-17.85
11-Sep-18,1260,1267.75,1235,1238.45,1252.894718,366025,9979,-21.55
12-Sep-18,1244.45,1257.65,1229.85,1252.7,1243.499809,459285,9593,8.25
14-Sep-18,1261,1275,1248.55,1252.8,1257.863695,294230,7446,-8.2
17-Sep-18,1251.9,1251.9,1220.5,1226.25,1233.111596,371950,10206,-25.65
18-Sep-18,1224,1238.9,1214.25,1217.2,1228.184924,314415,9624,-6.8
19-Sep-18,1225,1227,1201.2,1210.3,1210.645654,861320,13027,-14.7
21-Sep-18,1220.05,1237.1,1183.2,1216.85,1223.288332,566364,14105,-3.2
24-Sep-18,1216,1239.9,1204.25,1232.3,1224.787549,451884,14400,16.3
25-Sep-18,1233.3,1244.9,1195.75,1230.6,1226.82089,396784,14124,-2.7
26-Sep-18,1235.2,1254.1,1226.8,1251.75,1240.607315,337685,8887,16.55
27-Sep-18,1259.8,1263.25,1238.6,1252.9,1251.819548,389427,9977,-6.9
28-Sep-18,1260,1271.1,1247.65,1258.2,1256.213811,648062,12202,-1.8
1-Oct-18,1258.2,1260,1204.3,1231.55,1227.095173,366797,9965,-26.65
3-Oct-18,1233.1,1239.75,1198.7,1205.3,1216.429484,430421,11873,-27.8
4-Oct-18,1199,1199,1105.05,1120.55,1140.900705,1482416,42726,-78.45
5-Oct-18,1102.6,1115.55,1039.55,1049.85,1078.781662,1164483,37869,-52.75
8-Oct-18,1048.85,1115.35,1025.2,1107.95,1083.820858,1330634,31974,59.1
9-Oct-18,1121.1,1123.5,1080.75,1090.4,1103.029465,620130,16031,-30.7
10-Oct-18,1095,1114.7,1085.1,1102.35,1101.459998,404719,10879,7.35
11-Oct-18,1067.8,1114.4,1043.05,1089.2,1086.152927,765397,17702,21.4
12-Oct-18,1102.5,1129,1102,1126.4,1121.248509,446104,11160,23.9
15-Oct-18,1133.3,1146.35,1119.25,1139.8,1137.46652,397762,12777,6.5
16-Oct-18,1146.15,1168,1140.8,1163.65,1155.505976,464449,11757,17.5
17-Oct-18,1180,1180.95,1141,1148.9,1168.24777,1452993,15094,-31.1
19-Oct-18,1103.9,1110,1073.15,1101.65,1091.483717,1461537,29562,-2.25
22-Oct-18,1111,1114.8,1057.35,1062.45,1081.490804,646574,19144,-48.55
23-Oct-18,1053,1064.5,1043.7,1052.6,1053.389206,527427,12615,-0.4
24-Oct-18,1074,1074.95,1031,1046.6,1049.17453,584557,13935,-27.4
25-Oct-18,1036,1040.05,1017,1030.2,1029.148343,704437,17801,-5.8
26-Oct-18,1040,1056.75,1022.15,1044.7,1043.700572,647855,14144,4.7
29-Oct-18,1047.7,1093.15,1047,1088,1071.352597,535561,12329,40.3
30-Oct-18,1087.45,1087.45,1052,1057.15,1064.765085,558189,13384,-30.3
31-Oct-18,1064.7,1065.7,1047.65,1061.4,1061.406705,3153168,10980,-3.3
1-Nov-18,1066.4,1068.8,1050.3,1056.9,1058.489017,393976,9454,-9.5
2-Nov-18,1067.8,1081,1063,1074.25,1069.774227,4308094,14539,6.45
5-Nov-18,1074,1093.5,1064.5,1088.55,1072.58955,5052059,14534,14.55
6-Nov-18,1094.3,1111.95,1093.05,1103.45,1104.369268,661149,11150,9.15
7-Nov-18,1116.8,1117,1106.6,1110.55,1110.660073,99786,3836,-6.25
9-Nov-18,1106,1113.3,1086,1093.35,1100.432592,379720,7920,-12.65
12-Nov-18,1098.5,1100.05,1074.3,1078.75,1085.915927,259275,7060,-19.75
13-Nov-18,1075.9,1102.8,1071,1099.55,1090.265428,363436,8299,23.65
14-Nov-18,1105,1112.85,1087,1096.1,1098.051188,420083,8532,-8.9
15-Nov-18,1096,1102.85,1087.1,1096.9,1094.984758,286257,6454,0.9
16-Nov-18,1096.1,1129.3,1096.1,1127.5,1122.166918,702952,14307,31.4
19-Nov-18,1132,1151.4,1131.2,1149.6,1141.130495,514395,13163,17.6
20-Nov-18,1146,1155.45,1130.4,1138.65,1141.293971,472247,6805,-7.35
21-Nov-18,1137,1145.4,1107.05,1112.3,1115.365938,499461,9198,-24.7
22-Nov-18,1114.7,1125.1,1100,1102.85,1112.906519,360992,8015,-11.85
26-Nov-18,1109.95,1117.25,1098.05,1109.6,1107.733302,279608,6373,-0.35
27-Nov-18,1109.5,1129.4,1101.7,1127.5,1122.579155,264152,6556,18
28-Nov-18,1132.3,1157.7,1126.5,1146.25,1139.617157,1098006,17132,13.95
29-Nov-18,1159,1179.9,1158.8,1170,1171.96529,413830,14828,11
30-Nov-18,1172,1186,1162.95,1168.2,1173.569392,454515,16103,-3.8
3-Dec-18,1172.05,1174,1148.65,1156.3,1158.38192,292260,8019,-15.75
4-Dec-18,1157,1157.4,1142.95,1151.55,1149.317193,206600,4741,-5.45
5-Dec-18,1144.7,1159,1139.6,1154.85,1150.495949,268318,6005,10.15
6-Dec-18,1147.5,1147.85,1118.25,1123.45,1135.894111,249128,8001,-24.05
7-Dec-18,1132.8,1135.2,1109.1,1133.25,1125.911386,256042,6870,0.45
10-Dec-18,1112.65,1112.75,1084,1088.5,1090.923258,1104729,16559,-24.15
11-Dec-18,1066.1,1100.2,1055.35,1096.2,1079.168193,957115,20943,30.1
12-Dec-18,1100,1113.35,1088.1,1110.5,1099.231318,1035909,11812,10.5
13-Dec-18,1125.6,1126.35,1096.55,1106.8,1110.673795,632140,11297,-18.8
14-Dec-18,1103.9,1115,1092.6,1111.75,1107.235817,384977,8605,7.85
17-Dec-18,1114.7,1133.8,1110.3,1130.6,1125.271803,374864,8112,15.9
18-Dec-18,1122,1139.5,1120.8,1136.45,1130.632831,300671,6444,14.45
19-Dec-18,1138.65,1146.55,1131.4,1137.1,1141.179955,1116276,7385,-1.55
20-Dec-18,1124,1131.95,1116.5,1127.25,1125.209472,306576,8623,3.25
21-Dec-18,1128.3,1131.4,1095,1098.35,1109.692983,835175,11407,-29.95
24-Dec-18,1101.8,1103,1086.5,1090.05,1093.660722,270421,6340,-11.75
26-Dec-18,1087,1100.65,1066.55,1096.95,1081.033616,474923,12592,9.95
27-Dec-18,1105,1125.9,1104.45,1120,1119.317816,454773,11609,15
28-Dec-18,1123.3,1135.9,1122,1125.8,1129.832111,343132,7868,2.5
31-Dec-18,1127.15,1133.4,1116.6,1121.05,1122.607469,264252,5537,-6.1
1-Jan-19,1126,1130,1111.55,1121.35,1118.855772,264741,6178,-4.65
2-Jan-19,1116,1126.75,1101.45,1106.3,1112.25627,322660,7052,-9.7
3-Jan-19,1108.05,1114.45,1089.65,1091.75,1100.4668,357046,9329,-16.3
4-Jan-19,1098,1104.35,1081.25,1099.05,1093.860703,397992,9088,1.05
7-Jan-19,1105.15,1117.95,1101,1103.45,1109.602058,303180,6341,-1.7
8-Jan-19,1106.35,1109.9,1096.1,1103.95,1101.608098,513616,6328,-2.4
9-Jan-19,1111.9,1116,1098.5,1108.4,1109.591811,338370,7291,-3.5
10-Jan-19,1108.4,1110.65,1102.1,1105.65,1105.416906,203576,3977,-2.75
11-Jan-19,1109.3,1114,1089.5,1097.9,1099.17106,477873,8840,-11.4
14-Jan-19,1096.7,1102,1086.25,1096.45,1092.911658,258020,5879,-0.25
15-Jan-19,1103.2,1132.3,1103.2,1129.55,1124.194381,661895,12574,26.35
16-Jan-19,1134.7,1144.65,1130.25,1134.05,1138.133418,465380,9362,-0.65
17-Jan-19,1141,1147.8,1129.1,1133.75,1135.871665,776161,12737,-7.25
18-Jan-19,1149.7,1189.25,1135.5,1182.95,1164.453006,1808806,32839,33.25
21-Jan-19,1193.9,1237.4,1189.75,1234.5,1223.844257,1461187,30093,40.6
22-Jan-19,1234,1246.25,1219.4,1234.75,1233.82095,1241159,19614,0.75
23-Jan-19,1233.4,1244,1222.5,1225.7,1232.768917,419632,7946,-7.7
24-Jan-19,1225.05,1251.75,1220.1,1245.4,1240.628753,946733,16585,20.35
25-Jan-19,1250.1,1263,1236.55,1246.25,1253.507289,516086,11215,-3.85
28-Jan-19,1253,1255.45,1221.75,1229.6,1237.350257,787401,9609,-23.4
29-Jan-19,1230,1231.9,1201.6,1210.9,1211.181978,578115,8825,-19.1
30-Jan-19,1215,1224.9,1190.55,1194.8,1206.994492,450085,10108,-20.2
31-Jan-19,1201,1229.8,1201,1227.1,1219.771944,620899,18129,26.1
1-Feb-19,1234,1253,1225.75,1247.3,1238.354463,927747,15561,13.3
4-Feb-19,1245.55,1297,1245,1291.15,1269.163733,1105463,19155,45.6
5-Feb-19,1292,1304.25,1278.6,1290.3,1293.196715,945879,17376,-1.7
6-Feb-19,1298,1316.5,1292,1309.85,1309.567039,1086608,16587,11.85
7-Feb-19,1310.95,1320.85,1285.8,1290.2,1302.562114,739962,17752,-20.75
8-Feb-19,1287,1298.7,1272.25,1277.35,1282.205792,872003,9694,-9.65
11-Feb-19,1277,1277,1251,1253.45,1258.755214,330991,7547,-23.55
12-Feb-19,1253,1272,1251.9,1256.7,1260.459533,435053,8373,3.7
13-Feb-19,1261,1272.9,1235,1244.4,1259.229366,712025,7867,-16.6
14-Feb-19,1240.25,1242.7,1218.1,1225.5,1229.205334,378130,8225,-14.75
15-Feb-19,1225,1248.5,1215,1243.5,1227.948887,641322,10318,18.5
18-Feb-19,1245.3,1251.4,1215.95,1219.75,1229.89284,796789,15525,-25.55
19-Feb-19,1219.2,1239.7,1211.3,1216.35,1226.795388,403246,7444,-2.85
20-Feb-19,1226.1,1239.25,1218.75,1234.35,1226.259127,843803,8714,8.25
21-Feb-19,1236,1256.7,1230.2,1246.45,1245.968441,772710,12110,10.45
22-Feb-19,1241.25,1245.9,1226.1,1232.6,1232.574727,1034097,9327,-8.65
25-Feb-19,1235.8,1243,1223.15,1232.15,1231.000509,367746,8020,-3.65
26-Feb-19,1214.4,1233.6,1206.15,1219.7,1222.369904,520246,11051,5.3
27-Feb-19,1227.4,1244,1209.15,1222.45,1225.664101,575146,14288,-4.95
28-Feb-19,1231,1239.5,1225.35,1231.55,1234.03635,512236,7882,0.55
1-Mar-19,1235,1242.5,1222.45,1226.7,1228.083908,507499,7949,-8.3
5-Mar-19,1226.7,1239.4,1218.2,1236.95,1230.387009,586805,10310,10.25
6-Mar-19,1239.5,1271.8,1235.5,1263.55,1258.198666,736337,13752,24.05
7-Mar-19,1262.7,1279,1258.9,1269.85,1270.266331,779193,11921,7.15
8-Mar-19,1265.05,1274,1261.5,1266.6,1266.053098,352593,5642,1.55
11-Mar-19,1270.8,1313,1268.1,1301,1292.419964,759441,13550,30.2
12-Mar-19,1317.1,1333,1315.5,1329.85,1323.320879,1924635,14061,12.75
13-Mar-19,1334.5,1350,1327.75,1346.75,1338.404226,1028000,18754,12.25
14-Mar-19,1350,1361.45,1334,1341.2,1352.077537,1336698,16091,-8.8
15-Mar-19,1345,1358.2,1311.65,1322.6,1343.815795,874076,12784,-22.4
18-Mar-19,1325.1,1358.15,1325.1,1347.6,1340.977742,761355,10917,22.5
19-Mar-19,1359,1378,1343,1375.25,1360.847711,938383,15231,16.25
20-Mar-19,1379,1386.6,1363.6,1375.6,1376.59365,627417,12176,-3.4
22-Mar-19,1374,1380.25,1337.5,1342.1,1358.3753,593064,13638,-31.9
25-Mar-19,1330.1,1336.75,1317.15,1325.25,1324.789905,488850,8161,-4.85
26-Mar-19,1330,1369.95,1330,1367.15,1352.492816,905101,14203,37.15
27-Mar-19,1377,1377,1344.9,1350.1,1359.15743,627415,11518,-26.9
28-Mar-19,1350,1369.9,1343.35,1360.55,1356.962187,519984,11281,10.55
29-Mar-19,1366,1376,1356.1,1363.05,1363.04156,401704,7190,-2.95
1-Apr-19,1368.55,1406.5,1362.85,1391.55,1389.626054,702586,14020,23
2-Apr-19,1396.55,1402.7,1380.8,1388.45,1390.479502,498144,10193,-8.1
3-Apr-19,1394.45,1402.35,1370,1373.8,1391.077628,713519,9614,-20.65
4-Apr-19,1379,1383.75,1347.05,1353.1,1360.200043,635792,14046,-25.9
5-Apr-19,1360.1,1363.85,1343.6,1355.1,1352.785303,616827,9170,-5
8-Apr-19,1354.6,1356.1,1324,1329.4,1334.520339,466058,12865,-25.2
9-Apr-19,1330.9,1340,1321.6,1335.35,1329.475947,816181,11749,4.45
10-Apr-19,1340,1347.65,1326,1328.95,1337.771514,450636,8796,-11.05
11-Apr-19,1332.8,1351.7,1328.7,1346.15,1337.190757,571692,8026,13.35
12-Apr-19,1348.9,1356.55,1337.3,1341.95,1345.216729,497617,8006,-6.95
15-Apr-19,1344.7,1348.8,1333.95,1339.75,1341.37364,434076,6444,-4.95
16-Apr-19,1345,1359.7,1340.25,1345.3,1350.575192,465453,7930,0.3
18-Apr-19,1365.45,1387,1365,1382.9,1378.424348,923643,19038,17.45
22-Apr-19,1364,1365.15,1341,1344.8,1352.533606,505500,13150,-19.2
23-Apr-19,1349.95,1371.85,1345.65,1363.3,1363.565015,494658,14106,13.35
24-Apr-19,1370,1394.6,1366.35,1390,1379.500891,494553,12799,20
25-Apr-19,1392.9,1410.9,1365,1374.55,1396.41906,795686,20124,-18.35
26-Apr-19,1377.7,1395,1370.45,1391.45,1383.754673,494466,12875,13.75
30-Apr-19,1395,1395,1367,1391.8,1384.926866,924687,17546,-3.2
2-May-19,1394,1413.75,1382,1405.1,1402.265997,587675,14843,11.1
3-May-19,1407,1417,1401.4,1407.05,1411.293528,966982,18908,0.05
6-May-19,1399,1402,1378.55,1384.85,1394.900891,741073,10606,-14.15
7-May-19,1391.5,1394,1341.3,1344.55,1371.971567,1036844,13586,-46.95
8-May-19,1340,1340,1291.05,1299.45,1313.029567,892233,18906,-40.55
9-May-19,1291.7,1291.7,1251.5,1255.15,1263.70922,1026247,27186,-36.55
10-May-19,1264.9,1277.9,1245,1250.5,1260.762429,1927846,22396,-14.4
13-May-19,1250.4,1260.35,1227,1230.85,1245.988506,655195,14097,-19.55
14-May-19,1235.2,1269.5,1232,1259.5,1253.51507,860411,18386,24.3
15-May-19,1274.8,1277.9,1251.1,1257.25,1268.253909,692013,16046,-17.55
16-May-19,1261,1270.35,1257.75,1264.05,1264.227968,442115,9679,3.05
17-May-19,1268,1276.9,1255,1265.7,1266.607374,538457,17074,-2.3
20-May-19,1313.9,1336.5,1302.6,1325.5,1317.596256,2132599,24716,11.6
21-May-19,1329.3,1366.25,1329.3,1339.75,1341.816307,1951774,22787,10.45
22-May-19,1349,1359,1334.5,1340.7,1344.668225,636091,14705,-8.3
23-May-19,1370,1392,1324.45,1335.8,1363.948862,1231275,29532,-34.2
24-May-19,1349.9,1353.5,1316.6,1336.8,1335.085741,877196,18012,-13.1
27-May-19,1336,1337,1308,1310.7,1323.075065,606138,14836,-25.3
28-May-19,1317.2,1334.8,1314.05,1325.95,1325.026843,563020,12637,8.75
29-May-19,1322.25,1333.15,1304.5,1313.25,1320.822128,409985,11911,-9
30-May-19,1316.4,1340.45,1316,1330.6,1329.138224,509268,14544,14.2
31-May-19,1339,1340.9,1321.25,1329.75,1330.636066,446597,11523,-9.25
3-Jun-19,1335,1365,1322.1,1358.3,1346.005156,511401,14192,23.3
4-Jun-19,1358,1373,1347.45,1351.1,1357.714491,340665,9633,-6.9
6-Jun-19,1354.2,1359,1321.65,1327.05,1334.482179,344675,9587,-27.15
7-Jun-19,1327.7,1328.7,1305.6,1315.3,1314.417795,441793,10916,-12.4
10-Jun-19,1319.9,1327,1310.6,1318.85,1318.71857,296443,7494,-1.05
11-Jun-19,1321.15,1334.8,1317.2,1328.55,1327.989831,297974,8142,7.4
12-Jun-19,1335.2,1338.6,1325.65,1331.1,1332.562224,201151,6038,-4.1
13-Jun-19,1330.95,1334.35,1310,1324.3,1321.700035,380891,7691,-6.65
14-Jun-19,1322.7,1325.1,1309.5,1316.95,1315.5041,434045,9536,-5.75
17-Jun-19,1321.2,1321.5,1277.5,1281.5,1291.337981,472822,11892,-39.7
18-Jun-19,1281,1287.6,1269.3,1282.55,1280.745232,430918,10179,1.55
19-Jun-19,1285.25,1301.15,1262.7,1277.5,1283.415248,449975,11403,-7.75
20-Jun-19,1279,1300,1278.15,1296.9,1288.809173,302515,6826,17.9
21-Jun-19,1295,1295.6,1276,1279.2,1284.693342,338684,6930,-15.8
24-Jun-19,1268,1276,1257.45,1262.65,1263.967019,346832,9987,-5.35
25-Jun-19,1262,1297.8,1254.35,1295.8,1281.792491,407274,11672,33.8
26-Jun-19,1288.05,1304.5,1287.1,1294.55,1295.530901,320941,7881,6.5
27-Jun-19,1294.55,1296.65,1271.1,1274.85,1282.630851,288623,8119,-19.7
28-Jun-19,1279,1282.8,1248.05,1252,1260.872411,440862,11722,-27
1-Jul-19,1257,1272,1247,1268.5,1263.433032,384353,10031,11.5
2-Jul-19,1275.05,1281,1263.65,1278.05,1271.424497,350865,9211,3
3-Jul-19,1281.55,1286.4,1276,1282.25,1282.159974,274520,7495,0.7
4-Jul-19,1282,1291.25,1280.75,1283,1285.72048,319573,8020,1
5-Jul-19,1287.05,1290.2,1259.45,1262.6,1274.546079,350612,9337,-24.45
8-Jul-19,1261,1267.7,1248.05,1251.9,1256.313081,348852,10400,-9.1
9-Jul-19,1250.3,1283.85,1245.1,1279.45,1272.139037,528377,12502,29.15
10-Jul-19,1281.2,1288.7,1269,1278.35,1276.819297,384665,9892,-2.85
11-Jul-19,1284.05,1289.75,1279.6,1281.3,1284.653903,156332,5750,-2.75
12-Jul-19,1284.7,1299.8,1278,1280.6,1290.874912,321654,9695,-4.1
15-Jul-19,1285,1289,1271,1275.9,1276.185581,245812,10382,-9.1
16-Jul-19,1279,1295,1269.1,1293.1,1280.984161,583479,11000,14.1
17-Jul-19,1296.8,1296.8,1280,1281.55,1286.969496,159911,5587,-15.25
18-Jul-19,1281.9,1286.2,1258,1261.8,1269.861518,181908,7220,-20.1
19-Jul-19,1268.25,1271,1243,1249,1256.839135,322482,14090,-19.25
22-Jul-19,1256.95,1284.55,1227.6,1280.5,1262.310926,585651,21941,23.55
23-Jul-19,1285.7,1294,1261.3,1272.85,1282.551008,425680,15380,-12.85
24-Jul-19,1274,1279.05,1254.4,1258.8,1260.941336,494832,15224,-15.2
25-Jul-19,1267.95,1268.8,1227.15,1232.3,1244.896137,382454,13505,-35.65
26-Jul-19,1233.45,1242,1210.05,1214.1,1221.917028,552475,16580,-19.35
29-Jul-19,1219.4,1221.5,1205.1,1211.15,1212.390373,416379,15942,-8.25
30-Jul-19,1211.25,1219.9,1175.8,1180.55,1201.482748,413976,13254,-30.7
31-Jul-19,1177.95,1184.85,1163,1166,1172.999342,363098,12108,-11.95
1-Aug-19,1169.8,1188.3,1150.2,1180.55,1165.314029,430950,15545,10.75
2-Aug-19,1175.5,1198,1162.35,1184.2,1182.507424,523278,14362,8.7
5-Aug-19,1177.5,1177.5,1129,1143,1143.316935,607913,18720,-34.5
6-Aug-19,1136.8,1149.9,1121.95,1128,1136.447531,433717,14572,-8.8
7-Aug-19,1127.8,1138.4,1103,1109,1119.732006,546804,16020,-18.8
8-Aug-19,1109,1158,1095.65,1151.95,1126.766763,861938,22134,42.95
9-Aug-19,1159,1175,1152.7,1162,1165.760952,528918,14494,3
13-Aug-19,1240,1302.5,1225.3,1275,1276.539731,2092112,55153,35
14-Aug-19,1298,1304,1280.1,1288.3,1291.503412,785411,24593,-9.7
16-Aug-19,1290.55,1291,1273.2,1277.4,1280.241602,339588,11206,-13.15
19-Aug-19,1280.8,1296.65,1280.55,1292.1,1289.943918,463484,15977,11.3
20-Aug-19,1294,1294,1272.85,1276,1280.325881,291530,9667,-18
21-Aug-19,1277.4,1278.4,1266.65,1270.8,1271.296138,233087,7841,-6.6
22-Aug-19,1271,1271.05,1239.05,1246.5,1251.809231,403122,10685,-24.5
23-Aug-19,1243,1283.9,1226.8,1275.95,1257.657285,513210,14360,32.95
26-Aug-19,1294,1294,1259.7,1265.9,1274.719995,323755,10133,-28.1
27-Aug-19,1283,1283.9,1261.8,1275.1,1271.0205,350824,11806,-7.9
28-Aug-19,1276,1280.5,1256.85,1263.05,1265.27143,260137,8595,-12.95
29-Aug-19,1257.95,1260,1235.5,1242.2,1250.313979,397297,9906,-15.75
30-Aug-19,1247,1254,1220.85,1248.35,1236.844742,680248,17323,1.35
3-Sep-19,1240,1243.05,1200,1205.9,1223.706053,328171,11177,-34.1
4-Sep-19,1200,1204.9,1185.5,1201.55,1195.947298,517321,12746,1.55
5-Sep-19,1208,1213.75,1193.2,1198.3,1202.471062,503380,12110,-9.7
6-Sep-19,1205,1229,1196.25,1222.5,1216.211781,519895,15453,17.5
9-Sep-19,1222,1232.75,1213.2,1222.1,1224.495936,278530,12879,0.1
11-Sep-19,1222.7,1239.95,1222.7,1234.1,1233.735744,206849,8132,11.4
12-Sep-19,1238,1239.6,1206.35,1210.35,1221.600539,251041,7713,-27.65
13-Sep-19,1214.7,1228.25,1207.05,1225.55,1217.018065,547909,10103,10.85
16-Sep-19,1191,1218.15,1188.5,1210.8,1205.850422,366945,12722,19.8
17-Sep-19,1214.8,1214.8,1193.7,1197.2,1201.895088,234035,7990,-17.6
18-Sep-19,1204.85,1216.1,1197.6,1205.7,1206.15709,298269,10750,0.85
19-Sep-19,1207,1209.35,1173.25,1178.7,1188.691767,349304,12272,-28.3
20-Sep-19,1186.6,1269.5,1174.6,1254.4,1236.379657,1076465,31967,67.8
23-Sep-19,1278,1280.85,1233.2,1238.65,1248.74228,757163,22433,-39.35
24-Sep-19,1243,1298.55,1242.05,1278.55,1283.240879,960949,29712,35.55
25-Sep-19,1281,1295.45,1269.35,1279.8,1285.03568,416620,11835,-1.2
26-Sep-19,1290,1298.7,1283.45,1296.6,1292.357781,488106,11735,6.6
27-Sep-19,1293.8,1314.9,1284,1308.75,1307.68741,444521,14551,14.95
30-Sep-19,1310,1336,1305.8,1332.6,1322.030308,449676,15970,22.6
1-Oct-19,1335,1342.5,1293.8,1305.05,1318.564544,360415,12100,-29.95
3-Oct-19,1290.05,1314.1,1281.2,1311,1306.066844,178536,7640,20.95
4-Oct-19,1317.1,1328.5,1304.05,1307.45,1318.929847,247244,9307,-9.65
7-Oct-19,1310,1320,1301.55,1309.8,1312.028574,192830,7629,-0.2
9-Oct-19,1311.9,1330,1293.15,1325.75,1310.433867,236137,8136,13.85
10-Oct-19,1328,1368,1322.55,1362.4,1357.030772,682081,22000,34.4
11-Oct-19,1365,1366,1337,1352.4,1352.183444,286839,11135,-12.6
14-Oct-19,1363.6,1363.6,1351,1357.65,1358.2785,222880,9270,-5.95
15-Oct-19,1363.5,1370,1345,1363.3,1364.033932,197367,6566,-0.2
16-Oct-19,1368.3,1379.9,1363.5,1372.7,1372.422131,193229,7405,4.4
17-Oct-19,1378,1399,1372.15,1396.15,1387.126902,282943,10495,18.15
18-Oct-19,1403.1,1428,1399.7,1415.3,1416.679464,629451,20580,12.2
22-Oct-19,1427.05,1437.65,1404,1414.25,1419.641959,638098,16761,-12.8
23-Oct-19,1417,1425.5,1383.4,1392.85,1403.669317,307585,9272,-24.15
24-Oct-19,1400.05,1441,1386.75,1436.25,1416.718467,433374,14812,36.2
25-Oct-19,1437.5,1440.25,1411.8,1430.7,1426.704736,359803,8727,-6.8
27-Oct-19,1440,1445.75,1430,1434.1,1437.907734,75033,4205,-5.9
29-Oct-19,1442.25,1480.4,1442.25,1467.1,1466.750161,516396,15723,24.85
30-Oct-19,1480.1,1484,1460.4,1478.7,1473.040801,1226942,7766,-1.4
31-Oct-19,1482.25,1489.5,1461,1464.2,1472.041101,235883,8335,-18.05
1-Nov-19,1459.9,1462.05,1441.1,1457,1451.867891,211205,13572,-2.9
4-Nov-19,1466,1471.15,1445,1457.25,1454.237622,434639,9852,-8.75
5-Nov-19,1458.55,1469,1440.6,1447.6,1450.801111,217549,7328,-10.95
6-Nov-19,1445.7,1446.2,1428.7,1432.1,1434.968337,418283,8697,-13.6
7-Nov-19,1438,1462.9,1432.95,1458.8,1447.953507,295528,7713,20.8
8-Nov-19,1458.6,1459.6,1441,1445.35,1447.060343,371642,8831,-13.25
11-Nov-19,1440,1444.05,1423.35,1427.8,1430.555462,257103,7360,-12.2
13-Nov-19,1431,1475,1430,1472,1463.076267,468318,13320,41
14-Nov-19,1475,1481,1456.05,1463.4,1468.114063,348202,6349,-11.6
15-Nov-19,1465.25,1486.5,1463.25,1469.3,1478.190602,437787,9141,4.05
18-Nov-19,1471.35,1486,1449.95,1458.5,1466.523144,294198,8955,-12.85
19-Nov-19,1467.5,1514.95,1465.5,1509.8,1497.356291,826626,23661,42.3
20-Nov-19,1552.55,1571.85,1543.55,1547.05,1560.45759,1140656,34141,-5.5
21-Nov-19,1547.5,1556.3,1528.6,1537.25,1537.213181,591358,20290,-10.25
22-Nov-19,1543,1569.6,1537.9,1546.4,1550.284035,475417,16723,3.4
25-Nov-19,1551,1564.6,1551,1560.7,1558.926298,260903,15879,9.7
26-Nov-19,1569.4,1576,1556,1558.85,1565.797396,334268,13120,-10.55
27-Nov-19,1561,1575,1556.4,1569.75,1564.948431,179080,7672,8.75
28-Nov-19,1572.5,1584,1564.4,1579.95,1577.600117,273450,11289,7.45
29-Nov-19,1582,1582,1548,1550.9,1559.504852,226724,9087,-31.1
2-Dec-19,1595,1614,1577.7,1586.3,1590.501901,692915,19801,-8.7
3-Dec-19,1591,1593.35,1573.1,1578.85,1578.653487,370722,10451,-12.15
4-Dec-19,1570.25,1577.05,1533.45,1552.55,1550.988322,558332,15289,-17.7
5-Dec-19,1579,1579.85,1544,1550.3,1560.871732,378637,13717,-28.7
6-Dec-19,1558,1568.2,1541.4,1554.95,1554.888724,343319,9361,-3.05
9-Dec-19,1554.15,1577.3,1547.65,1572.55,1566.061351,307151,12737,18.4
10-Dec-19,1571.9,1574.8,1554.25,1562.2,1560.59708,209096,8144,-9.7
11-Dec-19,1557.5,1575.15,1551,1562.6,1564.174841,615737,8366,5.1
12-Dec-19,1567,1573.6,1557.25,1567.5,1567.116694,585429,9350,0.5
13-Dec-19,1575,1590,1572.55,1582.45,1579.036988,611627,9401,7.45
16-Dec-19,1589.3,1593,1563.6,1566.55,1574.049974,281506,9740,-22.75
17-Dec-19,1569.8,1579.5,1555.6,1562.15,1563.05892,320894,12649,-7.65
18-Dec-19,1562.15,1580,1562,1575.7,1569.127183,279220,11780,13.55
19-Dec-19,1574.7,1615,1572.35,1605.15,1601.599317,1024480,13026,30.45
20-Dec-19,1611.2,1617.8,1595.65,1599.4,1607.428344,315858,13004,-11.8
23-Dec-19,1555,1577,1555,1571,1562.107792,1274110,18294,16
24-Dec-19,1570.9,1572.15,1542.75,1545.95,1555.902932,232508,10853,-24.95
26-Dec-19,1545.95,1553.3,1510.95,1515.95,1534.656346,577183,17878,-30
27-Dec-19,1525,1545.8,1521.45,1542.15,1532.595866,485460,16027,17.15
30-Dec-19,1543,1547,1528.3,1544.2,1537.756116,371439,11771,1.2
31-Dec-19,1544.7,1544.7,1509.1,1514.1,1527.064145,295706,10474,-30.6
1-Jan-20,1516.1,1527.4,1505.35,1509.7,1513.892414,456824,11005,-6.4
2-Jan-20,1514,1540.8,1513,1535.35,1523.276102,726289,13358,21.35
3-Jan-20,1534.4,1541.3,1523.4,1537.25,1535.087741,354087,10840,2.85
6-Jan-20,1527,1528,1497.5,1501.5,1510.219036,453131,18338,-25.5
7-Jan-20,1520,1534,1514.45,1525.05,1522.463507,504240,19393,5.05
8-Jan-20,1508,1534.45,1508,1513.95,1518.193717,270488,10356,5.95
9-Jan-20,1537.25,1549.8,1531.85,1547.95,1542.177289,258014,16829,10.7
10-Jan-20,1550,1557.75,1540.1,1547.7,1549.546758,192674,10621,-2.3
13-Jan-20,1547,1558.5,1538.65,1543.45,1548.754043,228910,7469,-3.55
14-Jan-20,1542.45,1550.5,1522.7,1529.05,1533.812831,297378,9529,-13.4
15-Jan-20,1538.5,1540.45,1519,1524,1525.35876,226773,10379,-14.5
16-Jan-20,1529.05,1543,1528.5,1537.7,1533.617941,387746,10281,8.65
17-Jan-20,1551.15,1584.8,1551.15,1580.65,1573.895031,617437,17615,29.5
20-Jan-20,1608.05,1609.5,1527,1532,1559.585976,651336,24647,-76.05
21-Jan-20,1529.7,1545.95,1523,1533.95,1534.881862,322191,15146,4.25
22-Jan-20,1540.55,1546.7,1530.9,1533.1,1537.882436,199109,6986,-7.45
23-Jan-20,1538.4,1541.55,1521,1527,1528.873587,196625,9843,-11.4
24-Jan-20,1528,1536.45,1518.65,1521.7,1526.629378,320326,8813,-6.3
27-Jan-20,1515.05,1524.35,1505,1506.6,1513.223999,190617,7729,-8.45
28-Jan-20,1507.05,1510.45,1464.2,1471.35,1485.451144,379788,18564,-35.7
29-Jan-20,1476,1494.45,1465,1479.7,1477.325597,358385,15942,3.7
30-Jan-20,1483.95,1483.95,1440,1442.5,1452.724401,297588,16349,-41.45
31-Jan-20,1451,1454.25,1407.45,1411.7,1425.534253,489214,17415,-39.3
1-Feb-20,1406.95,1427,1371.1,1383.3,1404.338683,551047,20491,-23.65
3-Feb-20,1372,1399,1363.5,1385.85,1381.281983,471210,19914,13.85
4-Feb-20,1398,1431.85,1397.9,1425.85,1416.980834,763029,17425,27.85
5-Feb-20,1434,1452.3,1430.2,1448.05,1442.076356,393828,18302,14.05
6-Feb-20,1453,1466.45,1440.2,1457.65,1451.154444,337256,10654,4.65
7-Feb-20,1452.8,1452.8,1428.5,1433.75,1436.753197,195994,6740,-19.05
10-Feb-20,1430,1445.6,1411.05,1436.75,1423.386185,218657,8682,6.75
11-Feb-20,1445.75,1465.65,1445.05,1452.6,1458.32042,350733,12419,6.85
12-Feb-20,1457.95,1474,1456,1470,1464.291402,286312,15551,12.05
13-Feb-20,1479.7,1479.7,1462.7,1473.95,1472.583054,1202598,9457,-5.75
14-Feb-20,1477.85,1501,1453.3,1486.65,1482.505468,714475,21716,8.8
17-Feb-20,1490,1506,1474.65,1478.4,1483.914385,517807,16979,-11.6
18-Feb-20,1479,1479,1458,1466.1,1464.592526,370782,11133,-12.9
19-Feb-20,1475.55,1506.5,1475.55,1504.2,1497.650189,291146,14476,28.65
20-Feb-20,1498.7,1507.95,1483.45,1485.5,1490.282657,1511993,11369,-13.2
24-Feb-20,1477,1477,1439.6,1444.85,1464.348837,400408,18963,-32.15
25-Feb-20,1450,1451.4,1410,1416.3,1431.183795,308343,14319,-33.7
26-Feb-20,1412.1,1415,1387.25,1391.4,1399.080778,268292,12775,-20.7
27-Feb-20,1390,1393.95,1369.6,1385.8,1380.67307,346398,13368,-4.2
28-Feb-20,1358.8,1358.8,1325,1328.65,1340.972992,391034,28830,-30.15
2-Mar-20,1358.4,1368.75,1303.5,1314.85,1344.558618,356961,20892,-43.55
3-Mar-20,1330,1353.35,1321.8,1343.65,1337.442543,451859,20053,13.65
4-Mar-20,1350.25,1353,1308.1,1339.15,1336.322668,1691316,16628,-11.1
5-Mar-20,1350,1358.35,1306,1311.5,1325.279479,424590,21169,-38.5
6-Mar-20,1276,1288.35,1241.6,1270.05,1272.378595,2582956,38958,-5.95
9-Mar-20,1245,1245,1094.95,1113.15,1140.777435,1678154,73147,-131.85
11-Mar-20,1113.15,1178.4,1110,1153.25,1158.903114,6053529,37139,40.1
12-Mar-20,1087,1100.7,1049.5,1061.6,1076.136062,1042732,58021,-25.4
13-Mar-20,1005,1139.9,939.85,1106.9,1044.217516,2170408,59185,101.9
16-Mar-20,1065.65,1079.65,1005.55,1015.25,1046.760338,901150,36892,-50.4
17-Mar-20,1041.2,1059,1004,1008.9,1036.273242,964776,35514,-32.3
18-Mar-20,1023,1035.1,961.2,968.85,994.8336256,1004674,40856,-54.15
19-Mar-20,925,967.5,891,917.1,921.6210398,1566774,53508,-7.9
20-Mar-20,939,1033.7,930.05,1020.2,985.5326758,1779377,57663,81.2
23-Mar-20,920,952,875.7,883.85,900.0737462,1247576,49632,-36.15
24-Mar-20,943,970.4,895.8,943.1,937.6452496,1025524,34135,0.1
25-Mar-20,951,1152,951,1081.25,950.972743,117608851,60941,130.25
26-Mar-20,1090,1117.15,1043.15,1074.75,1076.450868,921918,37110,-15.25
27-Mar-20,1100,1107.7,1047.25,1065.5,1056.74613,87479375,31357,-34.5
30-Mar-20,1047.95,1074,1020,1032.35,1036.759975,1477296,25150,-15.6
31-Mar-20,1071,1129,1048.8,1112.45,1080.735064,2119399,35896,41.45
1-Apr-20,1116.2,1124.95,1044.75,1080.65,1070.04015,825411,32355,-35.55
3-Apr-20,1130,1131.6,1057,1078.2,1074.320205,1473406,28689,-51.8
7-Apr-20,1106,1213.7,1101,1206.4,1163.138041,1246979,48086,100.4
8-Apr-20,1175,1228.95,1161.85,1192.15,1197.430552,1072376,36284,17.15
9-Apr-20,1211.2,1232.75,1193.25,1219.2,1214.735737,624780,26394,8
13-Apr-20,1208,1215,1180,1189.25,1192.002911,445919,20095,-18.75
15-Apr-20,1201,1235.95,1142.7,1150.05,1181.958679,834155,32228,-50.95
16-Apr-20,1146.6,1187.35,1146.6,1168.7,1173.745875,592064,30132,22.1
17-Apr-20,1220,1229.9,1192.7,1225.05,1209.045865,559314,25002,5.05
20-Apr-20,1226.5,1257,1202.3,1244.45,1228.703573,796389,22491,17.95
21-Apr-20,1208.1,1252.55,1164.45,1236.05,1202.750346,1147259,46201,27.95
22-Apr-20,1320,1384.7,1300,1363.35,1341.80002,2629550,88016,43.35
23-Apr-20,1369.7,1385.85,1354.25,1371.5,1370.967367,1465213,36634,1.8
24-Apr-20,1354.9,1495,1348,1417.35,1426.941202,2452068,84839,62.45
27-Apr-20,1440,1474.55,1422.95,1430.3,1449.141427,1152767,42860,-9.7
28-Apr-20,1451.4,1454.75,1391.95,1428.1,1421.149887,1301548,49487,-23.3
29-Apr-20,1446,1453.05,1420.5,1426.2,1436.199799,642967,25581,-19.8
30-Apr-20,1454,1494.5,1440,1467.05,1469.701518,1277127,47637,13.05
4-May-20,1442,1464.9,1419.75,1435.4,1443.430779,978857,36490,-6.6
5-May-20,1451.05,1478.8,1447,1461,1463.572988,656560,27479,9.95
6-May-20,1462,1484,1446,1461.65,1465.976029,690133,29037,-0.35
7-May-20,1450,1513.7,1444.9,1507.25,1484.252369,991823,37440,57.25
8-May-20,1550,1579.7,1537.6,1561.8,1560.210697,1432366,48435,11.8
11-May-20,1582,1614.85,1572,1576.75,1592.811649,1066351,37832,-5.25
12-May-20,1578,1578,1455,1480.25,1539.20122,2865647,58351,-97.75
13-May-20,1534.75,1534.75,1454,1496.4,1479.473717,1489557,51128,-38.35
14-May-20,1472,1496.4,1430.05,1435.45,1456.997867,795955,36568,-36.55
15-May-20,1445.7,1467,1415.55,1458.9,1441.761957,953907,37182,13.2
18-May-20,1471.8,1482,1428,1440.65,1452.458142,1308019,44307,-31.15
19-May-20,1461.9,1461.9,1404,1408.15,1436.568991,714335,29316,-53.75
20-May-20,1407.3,1445.85,1393.65,1434.65,1426.607357,907872,31809,27.35
21-May-20,1438,1460.85,1425.35,1440.05,1444.263012,558823,22685,2.05
22-May-20,1454.8,1458.5,1426.8,1431.6,1441.699194,579294,23822,-23.2
26-May-20,1439.4,1449,1416.3,1423.7,1428.983534,468721,19817,-15.7
27-May-20,1434,1454.1,1412.2,1446.95,1431.54252,627533,26036,12.95
28-May-20,1455,1479.2,1450.55,1472.65,1467.164315,641847,26500,17.65
29-May-20,1470.7,1471.5,1453,1465.2,1461.243706,590240,20172,-5.5
1-Jun-20,1480,1539.2,1475.65,1520.45,1515.905038,1016979,35937,40.45
2-Jun-20,1521,1540,1521,1536.1,1532.295477,418550,22789,15.1
3-Jun-20,1545,1559,1533.25,1542.45,1543.623706,444528,20818,-2.55
4-Jun-20,1540,1589,1540,1579.95,1568.842672,710718,28904,39.95
5-Jun-20,1601.9,1617.7,1574.3,1580.6,1595.635681,658406,28276,-21.3
8-Jun-20,1624,1624,1565.05,1570.05,1586.697902,1111940,30116,-53.95
9-Jun-20,1580,1582.35,1533.05,1537.1,1555.926913,504634,21273,-42.9
10-Jun-20,1541.1,1579,1540.6,1572,1558.718947,421611,18078,30.9
11-Jun-20,1569,1569,1530.95,1537.5,1546.550663,330910,16229,-31.5
12-Jun-20,1495,1593,1495,1588.8,1551.604176,772239,29168,93.8
15-Jun-20,1577,1626.7,1561.55,1615,1594.792953,1125400,44253,38
16-Jun-20,1641.5,1647.85,1585.15,1617.5,1617.347404,1267703,54561,-24
17-Jun-20,1608,1634.95,1602,1615.4,1614.857626,890838,24804,7.4
18-Jun-20,1605.55,1665,1605.55,1656.25,1638.078191,1013987,40623,50.7
19-Jun-20,1674.7,1788.6,1660.6,1759.5,1714.816367,2929255,91477,84.8
22-Jun-20,1775.05,1804.1,1734.85,1747.2,1772.519037,2036832,65327,-27.85
23-Jun-20,1754,1764.15,1715.8,1720.05,1732.501244,1353529,42809,-33.95
24-Jun-20,1739.8,1772,1712.6,1727.35,1742.33069,1358724,39757,-12.45
25-Jun-20,1729,1749,1713.85,1717.95,1730.230559,654657,22821,-11.05
26-Jun-20,1730.35,1751.5,1717.2,1742.6,1735.044966,1385178,38748,12.25
29-Jun-20,1728,1738.9,1715,1723.15,1723.158931,670107,24679,-4.85
30-Jun-20,1736.3,1740.7,1696,1703.35,1719.473482,992945,24538,-32.95
1-Jul-20,1718,1748.65,1708.75,1737.9,1730.642033,469138,18240,19.9
2-Jul-20,1750,1766.8,1734.4,1760.55,1755.869656,815775,34143,10.55
3-Jul-20,1781.05,1792.8,1768.5,1787.5,1780.471993,857283,33193,6.45
6-Jul-20,1801.15,1858,1792,1851.4,1833.562389,949421,34782,50.25
7-Jul-20,1870,1870,1806.4,1823.95,1831.450977,717717,31864,-46.05
8-Jul-20,1826,1834.8,1790.1,1797.35,1812.846688,583648,27939,-28.65
9-Jul-20,1807.5,1834.4,1787,1824.6,1813.963021,705240,24809,17.1
10-Jul-20,1829.9,1884.4,1824.6,1878.5,1860.721808,1140279,62940,48.6
13-Jul-20,1908.5,1947,1900.1,1934.3,1927.937985,1572760,57783,25.8
14-Jul-20,1934.7,1941,1887.8,1916.65,1917.731759,1133553,39745,-18.05
15-Jul-20,1938.7,1978.5,1798.15,1845.6,1922.446882,2839024,103272,-93.1
16-Jul-20,1850,1868,1812.25,1843.1,1843.303384,1647250,74770,-6.9
17-Jul-20,1845,1919.9,1838.2,1911.35,1878.38206,989480,35102,66.35
20-Jul-20,1920.05,1931.25,1899.6,1919.3,1916.682858,756307,25642,-0.75
21-Jul-20,1941.8,1976.8,1935,1971.85,1964.412686,1034423,29779,30.05
22-Jul-20,1980.05,2010,1960,2004.1,1992.884341,1467946,64169,24.05
23-Jul-20,2004.1,2078.9,1991.1,2060.65,2035.177596,1379049,57442,56.55
24-Jul-20,2060,2162.8,2055.9,2146.2,2129.76575,2889272,110531,86.2
27-Jul-20,2189.5,2198.7,2128.05,2155.85,2168.321287,2313290,96189,-33.65
28-Jul-20,2163.8,2193.4,2152.2,2177.45,2175.719282,1089402,36417,13.65
29-Jul-20,2180,2185.2,2071,2095.85,2122.115554,1525220,55949,-84.15
30-Jul-20,2100,2139,2072.3,2108.65,2111.032319,1203821,48887,8.65
31-Jul-20,2125,2129.85,2053.3,2066.95,2078.207759,1283236,54240,-58.05
3-Aug-20,2059,2059,2004,2008.45,2029.881949,714727,29777,-50.55
4-Aug-20,2017.1,2167,2001.25,2151.15,2100.694473,2053197,62586,134.05
5-Aug-20,2170,2195,2118,2126.65,2154.69558,1793838,74937,-43.35
6-Aug-20,2160,2167.55,2106.95,2134.55,2140.247328,1248632,49631,-25.45
7-Aug-20,2124.55,2157,2120.1,2146.7,2140.87399,960776,36944,22.15
10-Aug-20,2156.5,2164.95,2108.25,2119.6,2138.649122,825626,38454,-36.9
11-Aug-20,2137.7,2160,2101.15,2134.05,2132.478748,697367,31300,-3.65
12-Aug-20,2124,2144.9,2106.6,2127.6,2129.668817,702687,31942,3.6
13-Aug-20,2133.5,2139,2110,2122.3,2122.058107,458203,19387,-11.2
14-Aug-20,2122.3,2156.5,2090.2,2114.1,2131.909722,1012345,49098,-8.2
17-Aug-20,2103.15,2107.3,2070,2091.45,2085.56963,923799,41990,-11.7
18-Aug-20,2089.7,2132.9,2082.95,2118.75,2119.210999,642400,32483,29.05
19-Aug-20,2141.95,2154,2121.35,2133.2,2139.151365,758768,36447,-8.75
20-Aug-20,2118.05,2123.9,2087.8,2096.35,2108.788895,494200,30536,-21.7
21-Aug-20,2119.8,2119.8,2077.05,2081.75,2096.925519,437199,19487,-38.05
24-Aug-20,2098.8,2104.65,2070.15,2096.05,2088.306518,560786,22213,-2.75
25-Aug-20,2105,2111.3,2078.3,2082,2089.298804,481884,26648,-23
26-Aug-20,2087.4,2147.15,2047.25,2136.85,2105.394322,857465,36417,49.45
27-Aug-20,2146.25,2148.5,2103.75,2111.7,2126.326387,397191,17384,-34.55
28-Aug-20,2120,2131.9,2106.2,2115.6,2119.523165,463554,26015,-4.4
31-Aug-20,2172,2172,2061.25,2078.55,2123.540242,770897,35129,-93.45
1-Sep-20,2095,2121.75,2063.45,2087.55,2091.518368,542387,26465,-7.45
2-Sep-20,2095,2137,2085.5,2128.6,2100.565586,1979773,33347,33.6
3-Sep-20,2128,2137,2103.2,2112.15,2113.624779,274998,17060,-15.85
4-Sep-20,2065.6,2097,2065.6,2077.4,2084.383113,461018,28592,11.8
7-Sep-20,2080.2,2105,2045.35,2082.4,2070.447948,625358,36193,2.2
8-Sep-20,2093.8,2120,2080.9,2107.05,2109.509445,481632,20618,13.25
9-Sep-20,2085,2167.2,2085,2161.25,2140.038332,850676,38623,76.25
10-Sep-20,2185,2343.9,2176.15,2314.65,2277.88483,2449702,98665,129.65
11-Sep-20,2314.65,2337,2286.05,2318.85,2318.467343,1330635,58453,4.2
14-Sep-20,2319.75,2360,2281.95,2302.35,2322.595141,619976,27379,-17.4
15-Sep-20,2315,2326.5,2288.2,2317.9,2308.135212,509141,21105,2.9
16-Sep-20,2323.7,2368.8,2311.75,2323.85,2339.942508,653164,26455,0.15
17-Sep-20,2319,2334.4,2293,2299.35,2309.873628,421866,17905,-19.65
18-Sep-20,2315.8,2319.6,2277.05,2305.5,2304.813297,518389,24971,-10.3
21-Sep-20,2305,2336.55,2248,2255.15,2297.320908,501009,25843,-49.85
22-Sep-20,2287,2287,2201.35,2211.15,2222.409499,693332,24225,-75.85
23-Sep-20,2275,2276.5,2206.15,2229.55,2241.90679,774144,40123,-45.45
24-Sep-20,2210,2226,2175.65,2181.15,2200.69555,439081,21729,-28.85
25-Sep-20,2196,2212.6,2168.6,2201.7,2189.777978,413085,22864,5.7
28-Sep-20,2229,2238.7,2207.25,2215.75,2221.313231,516453,26292,-13.25
29-Sep-20,2222,2264,2217.15,2244.85,2243.86993,325287,18492,22.85
30-Sep-20,2264.8,2267.55,2225.1,2233.75,2242.730485,1560690,16556,-31.05
1-Oct-20,2264,2264,2213.85,2225.05,2237.664829,285180,14214,-38.95
5-Oct-20,2246,2249,2205.5,2211.15,2222.572844,393079,18602,-34.85
6-Oct-20,2228,2234,2201.45,2210.15,2213.592803,259771,13272,-17.85
7-Oct-20,2233.25,2309.4,2221,2257.15,2279.770259,875121,42725,23.9
8-Oct-20,2261.8,2268,2222.4,2238.9,2237.652635,419058,18575,-22.9
9-Oct-20,2237,2252.65,2217.2,2233.7,2232.222574,305022,15084,-3.3
12-Oct-20,2233.5,2254.85,2226.85,2236.6,2240.325798,262242,18094,3.1
13-Oct-20,2232.2,2285.95,2228.2,2280.25,2256.056115,409570,17920,48.05
14-Oct-20,2284.9,2304.2,2269.55,2287.35,2283.981233,306815,15320,2.45
15-Oct-20,2291,2291.7,2195.1,2205.55,2271.642266,1514858,18662,-85.45
16-Oct-20,2214.8,2232,2173.05,2175.5,2195.077195,440109,20807,-39.3
19-Oct-20,2192,2228.4,2156,2175.8,2191.064842,352226,21777,-16.2
20-Oct-20,2183.7,2193.7,2152.2,2155.5,2163.804827,364138,17616,-28.2
21-Oct-20,2171.1,2191,2098.75,2123.25,2146.322555,534557,28730,-47.85
22-Oct-20,2123,2133.05,2091.5,2107.1,2107.527533,301966,18851,-15.9
23-Oct-20,2109,2134.8,2095.65,2112.55,2121.428566,618540,26760,3.55
26-Oct-20,2101,2106,2018.45,2028.7,2055.300664,560855,40255,-72.3
27-Oct-20,2032,2060,2005.55,2034.2,2026.917984,476055,30069,2.2
28-Oct-20,2044,2057.9,2006.9,2010.7,2031.090299,1519047,23215,-33.3
29-Oct-20,1999.4,2042.3,1990.75,2026.55,2019.521333,384785,24193,27.15
30-Oct-20,2035,2064.65,2022,2054.35,2040.803363,354434,21010,19.35
2-Nov-20,2033.5,2033.5,1860,1877.3,1925.382753,1444243,99979,-156.2
3-Nov-20,1888,1909.5,1835,1849.45,1873.996517,1164099,66979,-38.55
4-Nov-20,1840,1928.85,1840,1913.45,1893.810185,1065630,61401,73.45
5-Nov-20,1949,1960,1931.4,1955.1,1949.147174,954587,55609,6.1
6-Nov-20,1988,2040,1977.65,2029,2014.833627,1886873,100883,41
9-Nov-20,2058.7,2070,2038.9,2050.3,2050.098849,843691,33971,-8.4
10-Nov-20,2075,2090,2041.8,2084.5,2065.96253,1068647,32518,9.5
11-Nov-20,2092,2095.35,1979,1996.9,2030.371527,811189,49750,-95.1
12-Nov-20,1985,2008.35,1965,1979.85,1988.004255,711464,38178,-5.15
13-Nov-20,1990,2036.65,1981,1996.1,1985.527129,1825121,31252,6.1
14-Nov-20,2013,2016.25,1996,2001.8,2005.745936,100085,8102,-11.2
17-Nov-20,2084,2084,1985,1992.9,2012.305935,643296,33218,-91.1
18-Nov-20,1997.45,2006.65,1961,1987.2,1980.17586,427982,29066,-10.25
19-Nov-20,1986.4,2010,1968,1972.65,1988.166623,802733,59306,-13.75
20-Nov-20,1977.8,1984.1,1894.6,1899.2,1924.369341,863183,56844,-78.6
23-Nov-20,1929,1970,1927,1950.8,1951.704236,598632,38074,21.8
24-Nov-20,1962,1973.6,1931.2,1965.1,1951.959123,750504,56379,3.1
25-Nov-20,1980,1992,1942.3,1947.75,1969.55155,914063,55990,-32.25
26-Nov-20,1950.05,1964.85,1930.4,1953.8,1946.87226,450855,19617,3.75
27-Nov-20,1941,1955.85,1921.55,1929.85,1938.944317,523191,40636,-11.15
1-Dec-20,1935.25,1965.9,1931,1954.3,1949.74475,593339,48089,19.05
2-Dec-20,1962.95,1962.95,1935,1957.6,1948.341767,220138,14040,-5.35
3-Dec-20,1970,1981.1,1958.05,1963.45,1964.59171,1489127,16539,-6.55
4-Dec-20,1963,1967.85,1940,1946.55,1947.790186,250336,26897,-16.45
7-Dec-20,1942,1965,1942,1958.05,1955.633497,293809,20719,16.05
8-Dec-20,1963,2014.2,1950.15,1993.75,1995.945442,683240,29635,30.75
9-Dec-20,2013,2033.8,2000,2026.65,2020.377724,917242,50395,13.65
10-Dec-20,2020,2028.4,2000.95,2007.2,2010.011381,270177,14276,-12.8
11-Dec-20,2011.2,2037.8,1974.4,2005.6,2017.32465,689028,43146,-5.6
14-Dec-20,2013,2015.25,1987.05,1991.15,1996.943174,232903,19745,-21.85
15-Dec-20,1992.9,1992.9,1961.5,1974,1973.414934,211535,13741,-18.9
16-Dec-20,1988,1995,1965.75,1976.05,1977.720354,272748,15361,-11.95
17-Dec-20,1980.9,2005,1977.1,1985.05,1989.575454,238834,13419,4.15
18-Dec-20,1983,2005,1965,1992.25,1978.526845,218330,13259,9.25
21-Dec-20,2010,2022,1856.05,1939.75,1977.945318,1499610,78562,-70.25
22-Dec-20,1940,1958.4,1887.75,1936.6,1920.481604,972241,72496,-3.4
23-Dec-20,1932.8,1951.2,1920,1943.8,1938.404366,299743,19714,11
24-Dec-20,1950.8,1998.65,1947.05,1993.9,1976.86197,289379,16905,43.1
